taxon.name,parkName,n
Adenium,HAVO,1
Agrostis capillaris,HALE,9
Allamanda cathartica,HALE,2
Allamanda cathartica,HAVO,1
Alpinia purpurata,KALA,1
Alpinia zerumbet,HALE,1
Alpinia zerumbet,KALA,1
Amaranthus viridis,KALA,1
Anthurium andraeanum,HAVO,24
Arabidopsis thaliana,HALE,1
Ardisia crenata,KAHO,1
Ardisia elliptica,HAVO,2
Artabotrys hexapetalus,HALE,4
Arundina graminifolia caespitosa,HAVO,1
Asplenium musifolium,HALE,4
Averrhoa bilimbi,KALA,1
Bambusa multiplex,HAVO,1
Bambusa vulgaris,HAVO,1
Banksia,HALE,1
Banksia speciosa,KALA,1
Begonia hirtella,HAVO,4
Bidens alba,KALA,1
Boehmeria nivea,KAHO,1
Boerhavia diffusa,HAVO,1
Bombax ceiba,HAVO,1
Bothriochloa bladhii,HAVO,1
Bouchetia erecta,HAVO,1
Bougainvillea,KALA,2
Bougainvillea glabra,KALA,1
Brugmansia,HALE,1
Brugmansia aurea,HAVO,1
Buddleja paniculata,HAVO,2
Calanthe tankervilleae,KALA,1
Calyptocarpus vialis,HALE,2
Capparis spinosa,KAHO,1
Carex longii,HAVO,2
Cassia × nealiae,HAVO,1
Cattleya,HAVO,2
Cenchrus echinatus,HALE,1
Cenchrus echinatus,KAHO,1
Cenchrus setosus,KAHO,1
Cerastium glomeratum,HALE,2
Cestrum nocturnum,HALE,1
Chamaecrista nictitans patellaria,HAVO,1
Chloris barbata,HALE,1
Chloris radiata,HALE,1
Chrysanthemum,HAVO,1
Citrus deliciosa,KALA,1
Cleome rutidosperma,HALE,1
Clerodendrum chinense,HAVO,1
Clerodendrum macrostegium,HALE,1
Cocculus,HAVO,1
Commelina diffusa diffusa,HAVO,1
Cordia sebestena,KAHO,1
Cornaceae,HAVO,1
Costus comosus,HALE,1
Costus woodsonii,HAVO,1
Cotula australis,HAVO,1
Cotula australis,KALA,1
Crassula ovata,KALA,1
Crepis capillaris,HAVO,1
Crinum asiaticum,HALE,1
Crinum × amabile,HAVO,1
Crotalaria trichotoma,HAVO,1
Cupressus sempervirens,HAVO,1
Cycas revoluta,HALE,1
Cyclospermum leptophyllum,HALE,1
Cymbalaria muralis,HALE,1
Cyperus compressus,HALE,1
Cyperus difformis,HALE,1
Cyperus meyenianus,HALE,9
Cyperus polystachyos polystachyos,HAVO,3
Cyperus sanguinolentus,HAVO,12
Cyperus sesquiflorus,HAVO,6
Delonix regia,KALA,2
Desmodium tortuosum,HALE,1
Dianthus chinensis × barbatus,HAVO,2
Dichanthium annulatum annulatum,HALE,1
Dietes grandiflora,HAVO,1
Digitaria henryi,HALE,4
Digitaria henryi,KALA,1
Digitaria radicosa,HALE,1
Dimerocostus strobilaceus,HALE,1
Diplazium esculentum,HALE,2
Dodonaea viscosa viscosa,HAVO,1
Dracaena reflexa angustifolia,KALA,1
Dubautia ciliolata × scabra,HAVO,1
Ehrharta erecta,HALE,1
Eleocharis geniculata,HALE,1
Enterolobium cyclocarpum,HALE,1
Epidendrum radicans,HAVO,4
Epilobium ciliatum,HALE,3
Epipremnum aureum,HAVO,1
Epipremnum aureum,KALA,1
Eragrostis curvula,HALE,1
Eragrostis pilosa,HAVO,1
Eragrostis tenuifolia,HALE,2
Erigeron bellioides,HALE,1
Erigeron sumatrensis,HALE,8
Erigeron sumatrensis,KAHO,1
Eriocapitella hupehensis,HAVO,1
Erythrina crista-galli,KALA,1
Etlingera elatior,HAVO,2
Eucalyptus cinerea,HALE,1
Eucalyptus deglupta,HALE,2
Euphorbia hypericifolia,HALE,1
Euphorbia ophthalmica,HAVO,1
Euphorbia prostrata,HALE,1
Euphorbia thymifolia,HALE,1
Euploca procumbens,KAHO,1
Evolvulus glomeratus,HAVO,1
Fagraea berteroana,HALE,1
Fagraea berteroana,HAVO,1
Falcataria,HALE,1
Ficus benghalensis,HALE,24
Ficus lyrata,KAHO,3
Ficus prolixa,HALE,1
Fragaria vesca,HALE,1
Gamochaeta pensylvanica,HAVO,7
Gardenia,HAVO,2
Gladiolus dalenii,HALE,1
Gladiolus × hortulanus,HAVO,1
Gomphocarpus physocarpus,KALA,1
Gomphrena,HAVO,1
Gomphrena celosioides,HAVO,2
Gomphrena globosa,HAVO,1
Gossypium hirsutum,KAHO,1
Hedychium coccineum,HAVO,2
Heliconia farinosa,HALE,1
Heliconia psittacorum,HALE,1
Heliconia rostrata,HALE,1
Heteropogon contortus,HALE,1
Heterotis rotundifolia,HAVO,1
Hibiscus × archeri,HAVO,1
Hibiscus × archeri,KALA,1
Hibiscus × rosa-sinensis,HAVO,3
Hibiscus × rosa-sinensis,KAHO,1
Hypericum mutilum,HALE,1
Indigofera spicata,KAHO,2
Ischaemum aristatum,HALE,2
Ixora,HAVO,1
Jacobaea maritima,HALE,1
Korthalsella remyana,HALE,1
Lantana × strigocamara,HAVO,9
Lepidium africanum,HALE,2
Leucospermum,HALE,1
Leucospermum cuneiforme,HAVO,1
Linaria texana,HAVO,5
Lindernia rotundifolia,HAVO,1
Lycopodium clavatum,HAVO,2
Lysiphyllum hookeri,KAHO,1
Macroptilium atropurpureum,HALE,12
Matricaria discoidea,HALE,2
Mazus pumilus,HAVO,1
Melaleuca citrina,HAVO,1
Mentha spicata spicata,HAVO,1
Microlepia setosa mauiensis,HALE,1
Microlepia setosa mauiensis,HAVO,1
Microlepia setosa setosa,HALE,1
Microlepia setosa setosa,HAVO,61
Microsorum scolopendria,HALE,1
Mollugo verticillata,KAHO,2
Momordica charantia charantia,KAHO,9
Musa acuminata,HALE,1
Musa acuminata,KALA,1
Musa ornata,HAVO,1
Neoregelia,HALE,1
Nephroia orbiculata,KAHO,1
Nephrolepis cordifolia,KAHO,1
Ochna,HAVO,1
Ophioderma falcatum,HALE,1
Oplismenus compositus,HALE,2
Pachira aquatica,KALA,1
Pachystachys lutea,HAVO,2
Paphiopedilum,HAVO,1
Paspalum notatum,HALE,3
Passiflora edulis edulis,HAVO,1
Passiflora edulis flavicarpa,HALE,3
Passiflora pallida,HAVO,1
Phyllostachys aurea,HAVO,3
Physalis angulata,HAVO,1
Pinanga coronata,HALE,1
Pityrogramma austroamericana,KAHO,1
Plantago asiatica,HAVO,51
Pleroma semidecandrum,HAVO,1
Plumeria,KALA,1
Plumeria obtusa,KALA,2
Plumeria rubra,KALA,2
Polygala,HAVO,1
Pontederia crassipes,HAVO,2
Porophyllum ruderale,KAHO,6
Prunus cerasifera,HALE,1
Psychotria mariniana,HAVO,3
Pteris cretica cretica,HAVO,1
Pteris parkeri,HAVO,1
Pteris vittata,KAHO,14
Pteris vittata,KALA,1
Pterolepis glomerata,HALE,1
Rhododendron indicum,HAVO,3
Rhododendron simsii,HAVO,1
Rhododendron viscosum,HAVO,1
Richardia scabra,HAVO,2
Rubus armeniacus,HAVO,1
Rubus bifrons,HAVO,1
Rubus pensilvanicus,HAVO,3
Ruellia prostrata,KALA,1
Russelia equisetiformis,HAVO,1
Rytidosperma racemosum,HALE,1
Rytidosperma racemosum racemosum,HALE,1
Rytidosperma racemosum racemosum,HAVO,1
Rytidosperma semiannulare,HALE,2
Salvia rosmarinus,KALA,1
Santalum ellipticum,HAVO,2
Sapindus thurstonii,HAVO,2
Scaevola gaudichaudiana,HAVO,1
Scaevola taccada sericea,HAVO,1
Scaevola taccada sericea,KAHO,2
Scaevola taccada taccada,KAHO,1
Selenicereus undatus,HALE,1
Senna didymobotrya,KALA,1
Sida cordifolia,KAHO,1
Sida spinosa,HAVO,1
Sophora tomentosa,HALE,1
Spermacoce prostrata,HAVO,37
Sporobolus africanus,KAHO,1
Sporobolus elongatus,HAVO,2
Sporobolus fertilis,HALE,7
Sporobolus indicus,HAVO,1
Stachytarpheta cayennensis,KAHO,1
Stapelia gigantea,HAVO,3
Strelitzia reginae,HALE,1
Strelitzia reginae,KALA,1
Stylosanthes,KAHO,1
Stylosanthes guianensis,HAVO,1
Tectaria incisa,HALE,5
Terminalia catappa,HAVO,1
Terminalia catappa,KAHO,1
Thuja plicata,HALE,1
Tillandsia usneoides,HAVO,5
Tithonia diversifolia,HAVO,1
Turnera ulmifolia,HAVO,1
Urochloa distachyos,KAHO,1
Vanda,HAVO,1
Vitex rotundifolia,KAHO,1
Wahlenbergia marginata,HAVO,2
Washingtonia,KAHO,1
Washingtonia robusta,KAHO,2
Wikstroemia oahuensis,HAVO,2
Wikstroemia uva-ursi,HAVO,6
Zephyranthes carinata,HAVO,1
Zingiber officinale,HAVO,2
Zingiber spectabile,HAVO,1
Zoysia,KAHO,1
